"STATE","YEAR","AGI","marriage_rate","elder_rate","tax","charity","add_med","edu","retire","child","population","growth_rate"
"AK",2014,13642241.2430981,0.357322847727965,0.245959555172803,206543.195497466,180401.827887464,4520.98625148838,1173.86214105724,1604.70135408302,4688.69285298923,722260,0.0078789868431021
"AK",2015,14091948.326823,0.357975955499731,0.193432621568276,214287.498930282,185457.008074646,5105.9857831026,1179.19101712929,1644.22511007743,4872.14049883366,724490,0.00846804307499578
"AK",2016,13242795.7368247,0.36385182206007,0.205188238842845,220658.410247203,180550.277883911,4764.45513437424,1175.4179749781,1873.20694063402,4680.68326175326,696190,0.00834184346708586
"AK",2017,13429334.3208234,0.360487602240335,0.211614215524774,236631.057684319,190274.523570784,4518.53769463265,1079.01418114624,1916.60824225409,4708.31492171721,698110,0.0146881798805067
"AK",2018,14190593.9876359,0.360105445636757,0.219544692617373,83119.0124213814,125672.262310348,4983.95012822533,1085.832862935,2144.5651513632,4659.9573059786,697990,0.0159982259393018
"AK",2019,14685014.735648,0.350940909218386,0.220167148105561,78483.6205092969,120829.929032168,5173.32024567406,1119.87493339316,2323.25551785063,4628.05642650812,713140,0.0169118616228493
"AK",2020,14688441.2900729,0.342966307745745,0.226842653699201,69138.4801667246,117438.789899271,6105.61014241056,994.444223688781,2320.61872872525,3443.23683223341,719750,0.0178301748916062
"AK",2021,16368260.6170295,0.346893269107074,0.233887451580166,66149.1017995741,138519.944011664,6915.38784465631,881.975343405612,2342.95118708995,622.247480739269,699610,0.0215910272037494
"AL",2013,58321813.6098095,0.376162305428241,0.236779718280019,1653351.69881585,1661784.62261499,17846.0822314312,7393.32377619306,12318.0976068101,29663.8487013906,4097460,0.295213423890432
"AL",2014,60508804.6413314,0.374245988991256,0.236901294175145,1618436.01143141,1709323.39685716,19131.8577829572,7068.07740568907,12979.5031162124,29681.6478447928,4093110,0.314704864753705
"AL",2015,62606784.1026181,0.371631820350768,0.232371529569866,1699573.92929866,1842210.50681426,22255.2091874495,6948.67284470586,13566.2147820117,30417.7553194597,4107560,0.337535019812887
"AL",2016,63584939.033353,0.371281642279247,0.23888498809783,1771614.92755456,1927243.04445515,22721.034439228,7148.86849142139,14700.1755453836,30861.8087775138,4087490,0.360680255433188
"AL",2017,66442358.1450376,0.368060275355846,0.244591917975804,1868832.21141523,2103503.87927938,25187.9174854846,6849.68420490514,14961.8028137561,31478.741970406,4119760,0.572793510384353
"AL",2018,69551977.7018085,0.366812703508036,0.249994544832987,590536.253813162,1358506.90618325,26863.2095414508,6700.54130773688,17479.9789818476,32761.2629438991,4124530,0.645297140285955
"AL",2019,72489879.3764087,0.353388999188011,0.246262737201782,577410.797181036,1343857.70227686,28071.7538499087,6959.86398944883,18532.2272631268,32724.0007040369,4261140,0.728143669069737
"AL",2020,76155242.6681732,0.339920244961903,0.25083894110945,539251.522221926,1382248.18813866,32983.6046873887,6981.52553095848,17969.9129236986,25676.3101144698,4493760,0.84252371291335
"AL",2021,85818234.5537727,0.346501277412344,0.255389986474458,530307.121040889,1714502.94988151,38187.6487566905,6781.68098909864,18545.7604129337,5417.59564870583,4325150,1.02364537234656
"AR",2013,34436218.2777468,0.406136548027831,0.211939814672427,1323592.32954033,800536.048273686,10846.2939240963,4607.57884169378,8650.18027748867,15465.5181318276,2440460,0.225319266836258
"AR",2014,36326154.0975232,0.402200883787286,0.211992263136319,1304662.05038242,871605.358195471,11832.4948881776,4497.60542290571,9067.63223084753,15571.5241079349,2446290,0.238549157880033
"AR",2015,37156922.9589212,0.399198600602067,0.235094784801888,1331694.8549101,1146311.15880726,12903.9645106175,4531.31242779269,9475.47781303393,15990.3445407209,2458200,0.250324877764085
"AR",2016,37870470.2913805,0.399883752343373,0.240423894623955,1347743.79075831,1295351.83360212,13587.0908655539,4616.98566961106,10226.8232421635,16315.7819169402,2443060,0.261991313870741
"AR",2017,40889435.3671273,0.395876924075065,0.244250077044102,1455951.48719446,1528948.51579404,14932.1963813602,4501.09102557864,10348.5195975865,16743.1632321217,2466120,0.283218421441705
"AR",2018,42179227.4597699,0.39392849057214,0.248536498593098,337278.101842718,1340865.36659497,15137.0463024354,4402.14236796145,11948.350961383,17181.2876224975,2473520,0.317972688921227
"AR",2019,42294029.3081322,0.378792581671452,0.243644758283542,320167.33973384,842404.619352836,16860.1717506014,4569.98847675952,12769.1312873438,17099.7560603709,2577400,0.360923681834385
"AR",2020,45906435.772997,0.365606754626786,0.248277673768102,286087.341849383,1808428.99697714,18654.7421061589,4641.2214345442,11802.7787467533,13213.6552054582,2702740,0.425103426398735
"AR",2021,54692108.5438815,0.370627818987976,0.251808551743134,281513.982861318,2687049.28413486,23406.9528762763,4548.05214290906,12170.1674694048,2025.59078336783,2613970,0.516695145847457
"AZ",2013,85689832.2855848,0.37467079893234,0.255624624341311,3031321.81960137,1655204.53772706,35734.7774351994,10048.9133574777,15199.8045638552,32609.1049214005,5627260,0.593643200980958
"AZ",2014,90622269.7532672,0.371466171886805,0.255636591544785,3049985.07996071,1751283.54301387,39581.791726845,9744.40686682761,16741.5200389358,32907.2722554301,5691420,0.600655928590968
"AZ",2015,95820490.9191313,0.368095202851679,0.249301624293664,3307114.76870038,1852137.78276083,44970.9864610639,9515.16795785133,17831.1746756834,34525.1254597748,5809910,0.615630882983466
"AZ",2016,99339679.1815786,0.368617068249903,0.256074696519914,3566974.98998363,2006030.04236154,47857.8796659851,9727.81720377151,19693.6732180098,36046.9978618834,5888360,0.616965492868033
"AZ",2017,108156528.614968,0.365771329246127,0.261564108882645,3932562.51823614,2213406.30084793,53781.1352681133,9341.52022406314,20316.9972810762,37247.7641647827,6046510,0.627037824516632
"AZ",2018,117029854.113349,0.363029658620456,0.266056602493043,1244065.34004156,1687272.33735752,58876.0145933857,9219.57901370624,23978.8617450011,37903.2500541334,6188420,0.640167666308438
"AZ",2019,125611111.203763,0.349374913530845,0.260537074172671,1248170.95471373,1638779.76123111,65420.3548085972,9714.40080486629,25817.3753118591,38204.6774301443,6577490,0.679972985267341
"AZ",2020,133621314.887537,0.336384462569933,0.264078930399767,1124965.66897977,1677712.00974313,77024.0057511154,8772.85307776685,24043.1839530985,26833.3919104744,6901270,0.738652731123629
"AZ",2021,155402562.034099,0.339611092172934,0.269235671621882,1069237.38862771,2169627.11569267,101365.304643476,7979.56643595026,24141.8279305183,7984.74077455499,6747100,0.824281803695833
"CA",2013,651033981.746413,0.361135003712493,0.220693149299838,51425753.7914255,14241472.309651,558086.236498901,51370.0363856334,74864.4160868869,216053.104011531,34343500,0.597210519781244
"CA",2014,707070132.223346,0.35845757421644,0.220807911314384,53843296.9195659,15327345.1004612,621708.056143947,51204.4334199337,83036.5970850715,219334.072642616,34822810,0.637798004617966
"CA",2015,758415735.378089,0.354713180926608,0.211173152271869,59931872.2013121,16747483.49718,727389.336217389,51748.8448018451,86759.6673364409,230487.738584487,35519430,0.677461083017753
"CA",2016,777108572.789048,0.35316807299039,0.215479588755547,62617590.4451927,19359454.0699099,739003.508866182,53840.9114204075,92815.9275035163,235184.957522083,35634280,0.699606308649576
"CA",2017,835161583.641222,0.350344034638005,0.219244833817195,70306054.5217097,18584849.1797762,847161.561283527,52118.1747906468,94115.1548665562,240328.052626374,36198390,0.717488647222201
"CA",2018,890408509.42832,0.348303652385186,0.22366045098022,16178191.976459,16729025.3711621,936775.560375989,51640.4237642169,105541.106811525,237858.359147359,36351040,0.74395895893758
"CA",2019,906133302.19358,0.33764483135289,0.223121564983379,15496539.4337145,15140042.1445945,995165.649221629,53283.1507480047,109749.248194638,236538.258930507,37277840,0.778966747209757
"CA",2020,968631140.960351,0.32383074407718,0.228617192763122,14213398.3052218,18379584.9962604,1172866.68766093,50755.6750854883,100978.236342393,172126.309731027,39113550,0.829706278634173
"CA",2021,1152235188.78127,0.327773518180102,0.23530542820288,13880719.2090006,22685772.4454576,1565497.79372824,47651.5160456403,97596.5714107017,78813.9822404433,37653530,0.891094239835286
"CO",2013,91408892.9085557,0.391466852048287,0.24592409195067,3802208.79249444,1783296.09669609,44450.362652795,8520.35913693669,11283.7308230904,30906.7317659797,5005890,0.539055095924797
"CO",2014,99800358.3638519,0.38759424263194,0.246508339839316,3876016.6572721,1884060.09321257,53841.3167374914,8352.82197591305,12085.6398922941,31263.8558464702,5106500,0.564661379547897
"CO",2015,104992019.279262,0.383050465375739,0.217786676040409,4166104.40213928,2090538.29029436,58454.9770082224,8242.6098198866,12763.9642466874,32227.5982771928,5234480,0.582886234737848
"CO",2016,108141461.914686,0.381124867163596,0.222289335147899,4475248.80910253,2292011.71289027,59988.4201782981,8538.58507098136,13901.2533546501,32977.5175495057,5297870,0.583262502183152
"CO",2017,116651656.774586,0.376798059228886,0.226110150181349,4968487.18955859,2405050.50327054,71104.9435912739,8134.3420111738,13717.7464305911,33421.0351405567,5428770,0.598991225091861
"CO",2018,126598249.239487,0.373488246791169,0.22989677860285,1556017.43409398,1977897.84784201,77908.2911732959,8099.01010879018,14927.9897700707,33370.3994102151,5530830,0.607410137307203
"CO",2019,132811590.139165,0.361631754951266,0.22755718958515,1596910.6770366,1861870.39300269,88012.8245605789,8373.44341795355,15586.262442793,33294.4684628226,5744490,0.717698868240251
"CO",2020,138010631.3995,0.35315365663326,0.233567215192893,1505493.86015478,1880208.97661806,100374.848965592,7607.14467563801,14844.3058479552,24612.2882284386,5869060,0.778666212030802
"CO",2021,167307932.050441,0.351173756613757,0.238494814814815,1423795.69856169,2704521.16730751,128170.336946455,6989.03208126984,14469.9153642328,7748.86427767196,5906250,0.853508893669188
"CT",2013,84810958.4548198,0.361030061070927,0.184766129381662,7327085.33916798,1746276.62709869,107284.595757328,8611.44914995099,6896.86803307032,23639.7382837841,3499210,0.302212111938813
"CT",2014,89466382.9206531,0.358948710180798,0.184578914090041,7344956.07707477,1795825.15812789,114094.061261411,8403.53518208372,7347.8983034862,23787.5142986162,3498940,0.317423560004759
"CT",2015,91384894.5221585,0.355222549991057,0.25226212547521,7718766.88336035,1839248.08807455,124907.875958582,8391.41527428005,7674.17515821392,24680.5542867526,3522130,0.342078826499121
"CT",2016,89088269.6297799,0.353927716337932,0.257365180709155,7711297.79129803,1763392.10591723,119826.56811367,8520.93320316954,8314.84322198153,25355.629868316,3508400,0.359604586190171
"CT",2017,95168785.2245702,0.351353417304377,0.263455609441222,8315024.6524686,2047473.85870442,126976.310774963,8152.33910598867,8526.23973647927,25733.8339519332,3532170,0.393470640442527
"CT",2018,97356925.5790682,0.349803103418057,0.270903123489352,1444592.47281753,1384467.22954777,130444.630699471,7949.87546467876,9456.18123531756,25855.7557634301,3537390,0.585172981095883
"CT",2019,98285575.9270686,0.341321003447574,0.270708438892651,1314119.11094389,1473091.20219173,134887.756256219,8052.69719595433,9906.19207475969,26097.4640345817,3588030,0.706130320082654
"CT",2020,102912958.714206,0.329739807956695,0.276025257811008,1148193.11298485,1512154.52608243,145751.982452978,7687.73166400762,9486.89251709099,19150.9972880407,3716870,0.810876937730932
"CT",2021,121839795.779322,0.331221960474221,0.282289727580735,1076694.21584051,1705692.28375863,171296.184697077,7151.35085306053,9390.75801305811,8317.59456149888,3642180,0.93296899551182
"DC",2013,15001865.8771032,0.163932940643407,0.272915986952101,1095154.22146201,434402.098142275,17771.3897900619,937.373991844132,866.664597492826,5192.91190152545,662100,0.120326635177328
"DC",2014,16367180.8471287,0.165529010238908,0.273052607328907,1093876.77392788,463361.230790919,19883.3461789583,934.848360290844,912.891615966761,5382.10412524113,673900,0.134103101480222
"DC",2015,17641540.5525144,0.16638382431864,0.175014142117401,1209392.47398576,530131.235368348,21978.7240474015,898.641587978475,949.785678023875,5677.33349288543,689430,0.150200162222978
"DC",2016,17548889.4774225,0.166861007462687,0.173857276119403,1224132.26147097,490673.770391208,23478.417473181,913.038289995336,1004.1218516791,5600.5870598181,686080,0.167614154953451
"DC",2017,18790508.9759994,0.167803057489414,0.175238642072777,1358059.13793153,517880.423268499,25720.9956075504,846.047312136654,1036.53483097682,5903.82105792005,696650,0.189136595750238
"DC",2018,20304980.6521528,0.170737978914888,0.176794948715751,377815.026742093,441440.318162338,29039.3892460215,830.889988857461,1153.66639524585,5948.09942573069,700020,0.217153380689292
"DC",2019,20694488.3418953,0.166787558134574,0.17402682368335,354582.139195858,485241.662186571,30777.499295985,863.914664846183,1223.49865597133,5671.47370966136,703110,0.243923083026953
"DC",2020,21554935.1506783,0.16332564686576,0.179523816260416,334649.317781204,622039.169083424,33388.4038790725,774.515356430461,1089.76893912601,4070.48860469393,706870,0.284032467089557
"DC",2021,24856637.1705259,0.164386727721843,0.179742008176001,332168.523162928,522759.029641614,40304.5302699814,685.558727086252,1154.9799500195,1495.22349661259,692270,0.33935691501481
"DE",2013,14655903.3911481,0.357021015283843,0.26610557135162,663268.733942867,261482.20097571,6021.60616812227,1798.10914756186,2066.36189956332,7199.75705058224,879360,0.0762693914751321
"DE",2014,15416812.6216457,0.355158506635423,0.266506814241187,674182.234211297,278531.852488565,6742.80448595183,1754.00660162675,2174.32430209765,7215.57994051777,887660,0.0844407943855458
"DE",2015,16122773.3030216,0.350753191677342,0.263031762159297,717005.039249901,284856.346954102,7252.77070724919,1721.13962760083,2320.29257410434,7552.97953571586,905480,0.0896301037351915
"DE",2016,16449630.7785507,0.351518609550562,0.27368987008427,759240.425847086,305699.01465941,7362.27946146419,1776.39909585674,2492.56305960323,7719.84426571278,911360,0.104240303571217
"DE",2017,17523293.8133922,0.350686850185854,0.281064483111566,816386.149361633,335155.990863546,8115.50035015892,1711.56476862576,2560.39432203846,7941.50634056995,928150,0.131083844580777
"DE",2018,18529134.0636679,0.349444515387562,0.289203166900779,226320.953858596,217928.904865279,8526.85332865109,1686.50867279615,2983.36006470012,8078.89003107309,939720,0.161166640682292
"DE",2019,19420493.7396548,0.340975097324353,0.288543533337453,224122.546942265,226968.387958557,9741.73691528147,1765.24111722178,3208.47282127335,8026.33625821335,970980,0.193754907636139
"DE",2020,20391526.3433288,0.333202631037221,0.295413329673669,206609.085096997,202267.044415908,10665.6954799878,1811.54233283993,3124.76482409105,5775.37339358709,1020130,0.233900166446454
"DE",2021,23162600.9852143,0.336299164418052,0.306166053104092,192848.129510186,264577.314120633,13153.9052472139,1732.62142018838,3113.98264637731,2179.13789609895,996910,0.301985578552479
"FL",2013,287504990.965902,0.33163683983137,0.201485603225124,7655351.48715393,5769049.8848719,174700.77340246,30717.8945211471,50568.2946284862,130457.161831848,18632550,0.562034785923495
"FL",2014,313904303.36458,0.331331864371796,0.201340599046262,7818820.24924912,6313354.38914642,171498.804437846,29485.8971611662,54857.4472205879,133798.953162754,18797860,0.608881295918393
"FL",2015,337205621.000516,0.330466653094124,0.260040219044216,8574236.60333604,7064580.18315817,197077.397048284,28980.1584107868,58921.845512959,141262.619019598,19254560,0.660157898181647
"FL",2016,330819245.871307,0.328306139113805,0.263394775669021,8686698.2640107,6969647.83548906,187137.850504969,29362.8833128284,65484.5252272477,145760.473898772,19336830,0.687910581296972
"FL",2017,397483728.260666,0.331559641948432,0.268525907762482,10807926.3126105,9472790.19320533,254932.937009974,27915.7124223386,67934.9834818339,151974.386002064,20362430,0.740343302426066
"FL",2018,412077855.829479,0.329324815109908,0.273241405604626,3340106.07717579,7008577.8625366,253233.338062186,27029.229729056,80310.3349832096,154784.064656053,20458100,0.794093360183544
"FL",2019,431498824.33702,0.319448231124315,0.27141077589854,3286294.86809396,7103416.54122425,276428.007031316,28247.6065391522,86187.5110941363,156095.173135465,21273400,0.855452511304893
"FL",2020,470811068.369718,0.311983322998495,0.278729923296655,3107589.32538894,7789408.08052449,335267.941175109,26251.9569066174,82615.5125578302,114638.994814033,22464470,0.940455869396217
"FL",2021,563015767.583218,0.314590040053478,0.282719798191734,2962872.50815925,9088928.77876474,406129.562066745,23741.7377249144,82133.9939306201,46429.1998494189,21676020,1.0356150684351
"GA",2013,131452762.357582,0.347394418544894,0.283394957530756,6491395.35061325,4052985.19293279,71578.3680553006,18616.0729571984,24244.5076352691,66586.4707632057,8717440,0.358896752830201
"GA",2014,140659560.365218,0.346193114852951,0.283082299182311,6688037.65775379,4477986.47041881,82011.2292022603,17996.1587199529,26335.0992435109,67219.9001260815,8756240,0.405621606946374
"GA",2015,147749271.898943,0.343802720682658,0.198786305874779,7214784.81219479,5057593.12199517,90956.6160139197,17970.0702229645,28191.30748531,69995.7929595837,8885270,0.45826352522187
"GA",2016,149658466.063485,0.342324537916495,0.203689903778403,7336719.42533892,5441590.15230069,94203.2169050129,18488.7121649578,31262.7324904314,71506.8716943907,8870150,0.499663040338885
"GA",2017,164787277.390076,0.341941257275697,0.209457525778643,8232149.62354376,6391132.43377905,110917.147746185,17819.2570170302,32433.7192241311,73956.1389405,9085040,0.544573777959959
"GA",2018,172130001.048108,0.339930845095634,0.214164094459313,2644300.64885113,5134368.56786152,114647.375275594,17460.7273423823,40178.182253079,77677.0555378497,9162040,0.601205858665569
"GA",2019,177931519.061504,0.326417686550992,0.21139956111837,2495612.65506029,4436925.36281372,123503.581659124,18298.1121178458,44009.4643161463,77835.6000791081,9505980,0.660829351306137
"GA",2020,189586747.915825,0.314195796402355,0.216590511676715,2321898.78022291,4088563.5898282,135998.42598238,17447.0709015613,41588.4408412324,61090.1744233639,10139410,0.751977108619443
"GA",2021,220800073.893129,0.315942243358412,0.220042186825634,2232764.93138055,4689190.50480731,170153.138382717,16094.7188588484,42917.0025257386,14511.72172196,9870380,0.896207467661796
"HI",2013,21134760.5993677,0.369563285796792,0.263321330800928,945921.981370415,333358.781294889,5567.16260162602,2398.91844743584,5178.02436062612,8123.85123728286,1350540,0.846020941987641
"HI",2014,22351771.8738487,0.369588173178458,0.263509665490453,972612.167326646,346777.897109293,6004.21695705737,2318.04446057726,5539.11576029567,8284.54795113223,1363680,0.8587944300508
"HI",2015,23559230.7361943,0.36728751406891,0.268307736993065,1077492.25228189,358802.411639981,7568.01943143448,2203.90007624442,5713.47075481974,8659.62479758922,1377150,0.840403706403541
"HI",2016,24111189.5638102,0.362708401736529,0.276042464703951,1128753.62203495,367818.623837146,7149.2768085805,2222.20851482981,5738.37332457772,8645.53591623801,1370550,0.83084960291799
"HI",2017,25547292.1922574,0.359991050743727,0.282406772566199,1211078.47319914,423418.047387755,8516.56873245332,2127.56294430531,5595.55328055197,8756.25162566127,1385590,0.823401234307565
"HI",2018,26412773.2515597,0.358717160887367,0.288350974649752,419293.778367021,267759.147697754,8432.51541666367,2032.77328689745,6232.56593007275,8485.01792434502,1389730,0.834979686952218
"HI",2019,27563620.5019412,0.349448412393058,0.288252618029954,405849.383327154,280102.256780295,9296.83284482095,2142.44807661366,6471.70084854251,8269.15815908948,1429510,0.850141077045617
"HI",2020,28005353.6337957,0.345031554101326,0.30036112308573,355040.895931535,287661.064055179,11464.7123947902,2051.15763623386,5868.22957817149,5245.68058627732,1415030,0.898268924356585
"HI",2021,31193820.4318288,0.347787221465285,0.306883799390125,348497.708348652,316243.81754219,13367.5319967992,2019.30952226475,5884.00468579914,2765.25924724439,1387170,0.980609323180236
"IA",2013,46097116.1089239,0.425951032499782,0.263470478461806,2241058.28313322,819615.564729459,13323.1307240568,5211.47749411867,10424.7060660451,23427.2349882373,2869250,0.164856217830941
"IA",2014,48411643.6073867,0.421788637008239,0.263426142841989,2230601.98442137,865313.025792594,14688.8162489537,5129.48613003867,10876.1674253063,23616.7440871075,2891140,0.167549797105553
"IA",2015,49550563.3544523,0.418159939489789,0.259375644640033,2391973.79146669,902410.116372138,16263.7237743244,5174.58616860345,11098.2314653098,24379.9975383346,2908600,0.174319502560531
"IA",2016,49749052.3043729,0.417971745362854,0.265320714310387,2450810.53764291,924217.14042002,15895.8522848952,5334.16645366309,12015.2873786743,24804.0655072364,2895100,0.211356689006155
"IA",2017,51991790.9142718,0.415052081725608,0.270598605437627,2684758.98774527,1002871.85622563,17524.9341475712,5185.26524466578,11946.545436461,24845.3842283433,2915610,0.220315643016561
"IA",2018,54783242.3150463,0.41381189340352,0.276025387947579,464040.32524538,578668.578562812,19269.2248930745,5122.28754729396,12820.142454214,25307.3414247135,2917920,0.247570115733997
"IA",2019,55847293.8327722,0.40384634751404,0.275468037181135,449704.657397119,585407.487480404,19223.4049977677,5211.05935016936,13273.3523949875,25555.2286022162,2978930,0.292948740484615
"IA",2020,58569189.7585417,0.388663288575235,0.277799101397575,400385.007947439,568387.026290411,21957.2302209091,5300.36604663314,12146.9587081542,21614.5254211594,3100370,0.335131976112125
"IA",2021,64871057.2032793,0.39709855061764,0.286933410293669,385751.307152277,671694.273449691,26719.539895768,5300.78268660924,12088.8822674662,6855.18491286591,2979890,0.389423717163907
"ID",2013,19373767.8917975,0.46472774066684,0.258580312908654,849743.513952749,499442.885630838,5185.15132587259,2142.8425435933,5015.81438506694,7573.05526155982,1383240,0.434071084350636
"ID",2014,20773676.1195672,0.461673243208593,0.258194037604309,877631.156184561,523397.804598356,6126.61971680508,2089.43311870539,5452.99357540706,7666.02892491346,1403980,0.457536400448006
"ID",2015,21979137.3581709,0.45754200778512,0.250799983376969,969635.822175124,567911.448669465,6242.98995691864,2083.46515397083,5745.48774744075,8077.82775076535,1443780,0.479215180313424
"ID",2016,23381072.3586549,0.457336938154782,0.256627238932072,1064223.08417033,654699.54049341,6610.31522135857,2222.02744846232,6335.36760392024,8559.39207840487,1479500,0.469775069119125
"ID",2017,25285230.8210174,0.454727514283657,0.260338880998973,1192163.38610051,675413.754327637,8006.78162529369,2183.21491914108,6469.33110597721,8764.19967015059,1527970,0.456274685944875
"ID",2018,27827448.6580674,0.452629563441409,0.265688026550932,282700.041230534,461710.944013275,8845.48122287465,2194.7743170794,7274.90926091396,9165.45950344651,1566800,0.476766064988609
"ID",2019,30062277.3179414,0.442087705464912,0.264001940923152,301243.377746103,501704.568908837,9801.09538424213,2325.04733426336,7768.8606477831,9399.36463274095,1648700,0.519783151035395
"ID",2020,33932175.0621269,0.431796855660904,0.267683309442804,296209.310294803,610119.402811599,12736.4571611143,2254.92718281724,7286.13817361219,8022.9935524354,1737090,0.590234638296322
"ID",2021,40632079.4693257,0.436123551410499,0.273471766932915,294578.274095064,737378.153942934,16635.8873332102,2084.69622327901,7142.95122120135,1707.88400318574,1732720,0.676190432045833
"IL",2013,220866723.669994,0.358524199721671,0.231834026419872,13823732.6952599,4210787.14432958,148441.360224827,23607.9515595777,27790.786676589,80610.8522716283,12201380,0.125444922116295
"IL",2014,234188377.147574,0.356531688389215,0.23207353325311,13891863.7794029,4550004.47135837,166181.778322359,22872.1084722016,29768.966192908,80649.0912518288,12262220,0.210445827023484
"IL",2015,243731967.550149,0.353590366724954,0.230409081503901,13109203.3858617,4653500.89126457,186511.599995943,22752.5638606129,31533.5832334601,83152.3297984818,12323950,0.266740749912044
"IL",2016,241603234.209757,0.353066632568837,0.23597255452579,12846104.2161843,4954016.23329637,184633.804436652,22935.0686522095,34249.3124361178,84124.7224117001,12200190,0.281401599560519
"IL",2017,251949014.211197,0.350373811572864,0.24124530441273,14752196.5693715,4988362.10459627,195329.260434706,22142.0996757445,34476.3429171578,85783.212956354,12258850,0.316884276869035
"IL",2018,270114842.184999,0.349161778266073,0.246747333451047,3471167.45573136,4016996.9451371,220445.172762453,21478.5196745862,38305.4441332653,86059.6034379026,12233040,0.34140187681692
"IL",2019,267758914.823131,0.340420517986683,0.247104525378627,3120960.22422092,3306639.6756372,220182.878573893,21881.2403855342,40226.7889643991,85186.3624295263,12348580,0.37530568445297
"IL",2020,274756755.78069,0.332170716505957,0.254663898405339,2715957.8173932,3496846.43591541,231358.190733735,21236.5541355204,38641.5683870379,62658.671680766,12595150,0.431732505664736
"IL",2021,324829329.473359,0.331836673195721,0.258566838648201,2523472.64909333,5038895.86122027,301124.56912884,20074.374276069,37080.9527896436,30056.0857917734,12278450,0.51777371238377
"IN",2013,88925227.4148849,0.3915445127103,0.257190587415408,3112865.41857287,1609754.86083554,29042.5581770009,9359.33218220148,17912.7832990181,33113.7301085236,6095450,0.271340145822587
"IN",2014,93201537.1108108,0.387160740038197,0.257133515967585,3192939.6593726,1680934.59146864,30710.8980985851,9011.25977341527,19454.6700912055,33487.6414563006,6157520,0.288977378554815
"IN",2015,96936724.5196696,0.38314210800956,0.248885503166331,3343819.65393585,1730562.23948314,35515.1699221141,8811.60776958905,20443.0455590844,35229.4801162169,6209080,0.308795072857144
"IN",2016,99145744.7876608,0.381893996418515,0.254164564572309,3451470.29419274,1879715.9684162,36606.5620095001,9131.9749054259,22502.1921655413,36905.5385477094,6204130,0.327814420254899
"IN",2017,103790833.443134,0.378588571109641,0.25855093725831,3648856.91829149,1961138.28288218,39569.2179015939,8758.37769875378,22542.5867978536,38067.5632017477,6270950,0.363280781511293
"IN",2018,109510202.971551,0.376702979976892,0.262949313729225,802020.831146282,1274863.22849293,42790.2166958697,8732.98955040059,25520.7103077109,39285.3596081083,6300720,0.417052324225727
"IN",2019,112018063.124189,0.366855543896467,0.260922622517586,767693.070169057,1200757.34207143,44120.6512595702,9181.26836112083,27279.4180156232,39310.5001577863,6432750,0.47073496846335
"IN",2020,116124605.655152,0.357467168187858,0.266597160742934,692019.941622514,1221178.10468131,49352.8578454062,8594.9406982649,26233.6106529812,31050.6624678498,6675690,0.559042449851863
"IN",2021,132925591.864796,0.359460362619642,0.270848789939359,676727.370575323,1845644.83647626,61348.3984554635,7974.13443415026,25607.0785788302,7823.10898056913,6523640,0.678385057278541
"KS",2013,43746839.216391,0.419027324671406,0.235495869362909,1896682.23492806,968108.050704332,18315.031771295,5218.64485847367,8197.84242961399,17960.2103679119,2651450,0.14602996558705
"KS",2014,46304310.9976804,0.415640000149651,0.235383204120996,1696606.31163273,1073238.19572448,20120.3940117251,5122.96238154208,8735.10380898578,18344.9057275084,2672890,0.152769591976734
"KS",2015,46603514.9699624,0.412607203796424,0.256777594826588,1747045.09283093,1022976.74919259,21173.6055833716,5016.66762622699,9051.00555947594,18881.6398997876,2678310,0.155827889035968
"KS",2016,45997079.1464856,0.412377478742845,0.263796384395813,1780563.94839382,1049206.30563485,21158.4206084908,5043.12226450999,9769.15350837449,18971.3878203676,2648520,0.169364846636561
"KS",2017,47813911.0471708,0.408965897621576,0.268954416349931,1992538.58995351,1113846.15447563,22024.2337601915,4885.48124538029,9686.24461487087,19082.6937652193,2665210,0.186352151800961
"KS",2018,51235560.7157565,0.406278322484963,0.274142928835192,484114.514815703,772890.149194424,24429.5530683784,4754.89539874314,10763.3190244706,19213.1362962242,2670140,0.204662997674258
"KS",2019,52586733.1005362,0.39415460755968,0.2714642357164,457896.771645168,823558.250706367,25810.1534598275,4937.79578409477,11393.8160302358,19198.7771279648,2735830,0.229855776857623
"KS",2020,54845047.9915901,0.384928303740164,0.277563643999331,414064.400399321,901989.494150767,29508.5681283521,4706.27625036925,10909.9937717322,15856.3545379159,2809770,0.271123631575764
"KS",2021,62217241.9785895,0.3880678268304,0.284420362663822,391037.867795409,1005171.81936229,36139.7998955049,4386.39131594427,10742.0767308374,4135.08134542943,2736970,0.339607088885836
"KY",2013,52444048.557964,0.406604388787861,0.223150002593547,2474486.65039472,1027984.78248779,16089.4775550454,6624.09325246399,12329.0320199134,20187.8418594294,3772340,0.29897459755626
"KY",2014,55134908.4525656,0.402132861126161,0.223276935517942,2500460.82808928,1056390.19082103,17093.8970015726,6400.95255110806,13126.9326523331,20211.2386927966,3783650,0.323530746042647
"KY",2015,57504199.5239538,0.397297283146503,0.225945453498296,2673816.43413371,1127087.98202028,20448.984648652,6421.47392836387,13514.5578136371,20910.4418460362,3819860,0.349576910862651
"KY",2016,58207823.4560472,0.395605634984958,0.231038579870482,2757591.42039443,1188762.69034861,20841.5945926806,6583.86531798427,14711.6409441301,21573.8722869635,3812610,0.375212834652687
"KY",2017,60402464.8551447,0.392227022606947,0.23605132331763,2883318.07004742,1212996.37018518,22415.0523233254,6374.58075974552,15012.325851504,22100.6919272807,3839970,0.405180877458776
"KY",2018,64238659.751024,0.390784139226738,0.241632708291048,538393.074029259,781125.109993911,22966.5156937137,6184.54025563761,17013.1536766122,22385.8356336555,3842940,0.444359495498234
"KY",2019,64487570.7874591,0.378350898063558,0.239726793458091,520481.071669692,725220.340920992,25132.7735827474,6372.66238605803,17977.8624943442,22237.9280252769,3934020,0.516062851015282
"KY",2020,67273888.1389312,0.365076384123659,0.244691634463746,466595.325048455,675120.272117688,26947.7531221785,6096.69852528682,16793.5519231464,15777.0107503581,4153350,0.629349791935492
"KY",2021,74679323.0416175,0.370681631672705,0.248926662796982,448038.441044014,810641.408225916,33054.8375107584,5730.48821580833,17613.838048678,3962.04657132563,3996880,0.773307558649511
"LA",2013,60923008.7204813,0.329670411910274,0.238395420682074,1644182.7351371,1163200.76063453,23606.7567229784,8590.35723587052,10658.1382538716,30309.6413097709,4008640,0.362375555466446
"LA",2014,64319198.8511972,0.328385192932651,0.238560221472824,1640274.74667115,1220592.5158592,24175.7331042297,8336.16278311108,11132.0064447848,30266.8030978795,4015650,0.39813125258108
"LA",2015,62645054.6293764,0.326560803576578,0.214872986858634,1664407.53806382,1226515.9444131,24873.7231261456,8116.82863067522,11729.4151879183,30649.8057154033,3988170,0.433558998591485
"LA",2016,62474404.4404139,0.331011515100709,0.223725222719271,1743918.20374082,1350727.81429265,26451.466040233,8206.1595881694,12464.462156141,30282.0692303198,3936570,0.46002798473822
"LA",2017,63712819.5059642,0.327371266833361,0.230010027034917,1866897.12901367,1408346.28795613,26306.4855826469,7828.80751646845,12367.5498445175,30814.5977686674,3939350,0.502590081718574
"LA",2018,66591652.1120288,0.325781699792634,0.23643075135909,535509.782237315,938949.144840552,27912.6754436468,7577.17376994054,14394.1904025557,33156.1913578674,3925420,0.550449534029626
"LA",2019,68067125.7163346,0.310914919154168,0.233535651206589,514951.150240537,872385.428438997,29180.8709613677,7913.33116053045,15589.1491720255,33114.5355194723,4099160,0.62736678640922
"LA",2020,66124310.7383983,0.296068111752447,0.239233886845366,427344.241414001,741773.513870615,28044.1289460542,7234.75099161569,14705.8632794868,26876.583094033,4164920,0.723758467761587
"LA",2021,76497912.2859817,0.304086977027044,0.244183535427501,451378.257170516,981259.395646184,37981.311923349,6680.00955903342,15318.2539212888,5537.57633946856,4028650,0.886989389220292
"MA",2013,144788241.647453,0.352659090255026,0.277618330972729,9568148.732958,2689772.77039323,122486.039758742,14607.9374362889,12758.5334205787,46735.5609528527,6602070,0.227247195774373
"MA",2014,156810543.549701,0.348598267797543,0.277623877295741,9850641.90011125,2903694.9583129,142014.468043078,14379.225030804,13203.446592418,47905.2688442812,6687440,0.251772373817408
"MA",2015,164027873.107621,0.344609601410613,0.240303140468134,10594712.6154358,2913303.54860536,162410.745568653,14171.6515415332,13561.8013720506,50463.7708077908,6794210,0.262622478954321
"MA",2016,165876283.600958,0.342984040774911,0.245032170654029,10813557.2545793,3215228.59374505,166028.672639401,14270.5983609682,14378.4704290985,51922.3417831399,6819880,0.269083582633815
"MA",2017,180042468.141112,0.340676965975257,0.249860435787446,11827635.7223511,3561209.28595189,182841.727794828,13659.005352613,14298.5390215753,53197.2587549426,6914380,0.29498250750766
"MA",2018,189868637.892476,0.339147172937482,0.255350772463355,2658746.31765809,2997373.23353203,204192.787780761,13411.3826355914,15308.2248263229,54413.5380928561,6977030,0.313491168582221
"MA",2019,193624340.90298,0.333972946926413,0.257985131135128,2485770.80620999,2775941.679882,216017.011610564,13652.195780558,15407.9375243799,53780.2826905647,6972960,0.334952790078295
"MA",2020,203851114.287431,0.323451287993582,0.263286869116266,2263760.56460812,2886356.88784685,243050.156095086,13110.9488601068,14365.9361015311,35933.1069723752,7292350,0.367204539069022
"MA",2021,246030576.023165,0.325295421078861,0.26974612229039,2114934.12869716,4333881.75679884,307804.707760487,12231.6086434422,13560.1189469298,18164.6000855926,7103420,0.412243652193215
"MD",2013,113753744.874324,0.330983964581014,0.290396900080954,8880502.93271752,2886997.33231133,66154.1167602845,11742.1081655719,10291.4732156666,57784.9819301988,5883850,0.0949038156418579
"MD",2014,119075885.112493,0.331120244314127,0.289959747632961,9051685.4308404,3046887.96932618,72174.7155402793,11474.658360486,10929.1917092621,57565.9819268182,5871130,0.0961693374987735
"MD",2015,123941817.073491,0.328561040748945,0.226564674799697,9641997.48324946,3252631.06522227,80398.5463358342,11485.0684142953,11410.7355426697,59156.3351391113,5927270,0.0945202708106913
"MD",2016,125270622.390077,0.328343793631644,0.23245584308197,9849112.04246418,3317685.64890845,83554.4195110545,11616.9345779507,12338.6588920443,59056.6216450231,5901680,0.108543260162696
"MD",2017,131413855.938913,0.326033521423907,0.238060713627916,10385207.0493629,3545290.06369908,89178.139328232,11139.5023357835,12620.2734457412,60184.9590576495,5972300,0.127541795098028
"MD",2018,137700308.874562,0.32472207429104,0.244047064305685,3482062.59624551,2893927.12025696,95712.3267491013,11050.6264728398,14835.9296265477,61813.2716232858,6008800,0.139151254154143
"MD",2019,141942712.88241,0.315997525487641,0.24412672522575,3370372.89797559,2916712.13694161,101569.771775463,11559.397556337,15484.0589846295,61616.6551501199,6094130,0.140238042352362
"MD",2020,146787413.950813,0.307537372699988,0.249654739084811,3096385.48902501,2999236.36699082,112747.445735828,10812.5075654401,15198.4549661756,45607.9366761182,6270620,0.150121399583959
"MD",2021,164545265.356972,0.309265828262694,0.255535629983214,2948478.96185054,3642208.8380193,136934.940957105,10079.2233348851,14921.9535085764,19915.4777263428,6100480,0.195945397244944
"ME",2013,18400980.2526833,0.400220169058384,0.223922450724508,1047676.01124435,235426.934295262,4730.47974837822,2537.11491252211,4375.65846274818,8005.76445842343,1271750,0.218992223715782
"ME",2014,19200816.4737226,0.395661812513219,0.224016589512071,1041898.34778351,243764.396695833,5186.66329304308,2423.81823950116,4658.88781657097,8075.92211942941,1276570,0.255612315454664
"ME",2015,19984512.3281116,0.39211237503775,0.276748309960585,1111020.46906047,250715.298647194,5792.0359070459,2368.56100016262,4714.1195378623,8446.93318827,1291390,0.294301379808118
"ME",2016,20814105.6426196,0.389905895909353,0.28432494718648,1118592.92434031,266074.682865374,6446.19141156136,2404.07851738045,5207.39544459382,8957.25693105435,1301750,0.333582257373314
"ME",2017,21790100.6202126,0.387166917954041,0.292149984468167,1196030.75974907,287672.554751604,6964.30500731133,2237.9971663876,5200.61625766174,9140.23425034284,1319870,0.39372425847091
"ME",2018,23060112.0704142,0.383692056085283,0.298648881820296,222229.739476507,178640.555158781,7600.06523777729,2206.09485584822,5394.43412079792,9396.20793416206,1332970,0.46265875328988
"ME",2019,24266145.8587384,0.376026321031005,0.300360733861033,216437.442301025,198233.838348444,8786.85869412867,2279.29362555973,5421.6884926636,9529.98225838577,1355570,0.563594147348248
"ME",2020,26277007.816947,0.366350836925488,0.307024296030902,198769.12807899,197041.480413424,10713.5751063651,2181.85712786206,5091.17074399597,7616.28362397134,1429040,0.71513300405106
"ME",2021,30187264.7001115,0.364484873832427,0.317147636971978,186866.77768716,276327.477979925,14115.1121218458,1962.1252613969,4810.3378293601,2433.83230865747,1434600,0.900698964891687
"MI",2013,140318006.476285,0.379548814701799,0.246144067003739,6205115.02412041,2684602.50741972,57825.6721471297,14601.6624334716,24459.089312614,43615.9155630046,9313690,0.377142447550688
"MI",2014,148207511.439691,0.376395447487634,0.246221837403004,6192299.5037975,2728776.85743145,65528.794341908,13974.2229845315,26559.6243547673,44024.7470922508,9370650,0.436553708578675
"MI",2015,154258546.5636,0.373091553497975,0.269824261290107,6559615.1983025,2959815.89718952,71803.5507793828,13608.9293558155,27892.9364538322,46000.9817520453,9435030,0.489733345283188
"MI",2016,159146308.60878,0.372448065950018,0.275219471361438,6964114.50464903,3086284.78272415,79645.8079788502,13760.2282004143,30865.9129648369,47540.6148832577,9437450,0.52546283908216
"MI",2017,166483588.087903,0.369474479833715,0.280311364924731,7351797.09255811,3175885.1373281,85725.9473199101,12973.9369386298,31583.7253574503,48694.625803607,9525800,0.571710611376261
"MI",2018,176795436.173374,0.367396293746546,0.28610275090964,1661584.1596683,2080234.7528057,88756.0921392284,12501.4661304763,35057.7508072629,49412.3153835948,9572470,0.666945803762505
"MI",2019,177914478.885494,0.359401672398011,0.283288183534961,1514090.01621063,1952490.36077163,88419.6427011949,12560.935595565,37504.0478556938,49069.486547834,9701040,0.722493422512442
"MI",2020,186032753.522519,0.348040355615978,0.290392882910279,1314737.07554753,1900520.15582447,94615.9190224337,12074.6079001922,35289.977064439,36125.8224215755,10062540,0.915241085195685
"MI",2021,209761288.866599,0.352142614099889,0.295719896200155,1260352.82350337,2374168.1368348,117922.677512288,11158.299205513,34802.6921086291,12354.199077813,9757240,1.07989649700964
"MN",2013,96365676.7563093,0.398754440016205,0.261044098377133,6024261.81073518,1862493.04130511,51038.1350198329,8664.15764530748,14959.8035878157,40784.5371077004,5306850,0.982458033600672
"MN",2014,102702419.134068,0.394936332096251,0.26100683986988,6231239.85769084,2011179.9911823,56439.8378417092,8626.26123652464,15863.9404526048,41544.9533461692,5375550,1.07073138338153
"MN",2015,107481413.336178,0.390843591009084,0.242312935404622,6644763.49284914,2024304.86636369,63046.4491880398,8526.31520496698,16037.2702815762,43422.4573305763,5450390,1.16049283450787
"MN",2016,109130338.532479,0.390587955944401,0.247719593051928,6891543.13832947,2143684.13861623,65082.5669254233,8917.5690167857,17603.1764525379,44626.4015123564,5474900,1.24742115311552
"MN",2017,114939992.10251,0.387505996674326,0.253597102839809,7443219.06985539,2318998.51718385,71120.350598946,8622.69143187958,17430.4997060277,44877.444388736,5544740,1.34257994516938
"MN",2018,121518738.501505,0.385557099402907,0.259597037958974,1499567.9359202,1523963.82002614,75703.4353542236,8515.92970249048,18341.2736078997,45484.8318034939,5592090,1.38189782138827
"MN",2019,124170161.042145,0.377924450986703,0.260605229234046,1428556.8497989,1465778.32447666,77478.0137141209,8564.5729664041,18844.9252722863,45282.5323604362,5686110,0.839882097044864
"MN",2020,128327329.802656,0.370510871125826,0.270391685738059,1266870.71557246,1537164.2036669,84437.3672916548,8101.92241878874,17758.7712678454,36931.3642021758,5780910,0.937903382626652
"MN",2021,147110354.073015,0.371976597429088,0.275540170727126,1172155.62051569,1882103.82169846,104246.284201158,7573.25337864524,16718.556853748,11729.0929169132,5696810,1.09559250368697
"MO",2013,82883114.2807066,0.393721325728784,0.287341059562257,3652199.14525199,1713106.09090644,36769.2564493756,10112.3066390336,17507.0706209592,34418.6305705781,5486190,0.328694033683737
"MO",2014,87305672.6862803,0.387786259541985,0.287508720758001,3634719.98995257,1847613.67801617,38188.9861294548,9850.43262297303,18635.5179059578,34493.6948480058,5534750,0.359077692252268
"MO",2015,90680350.3879075,0.383879200721725,0.253430615564798,3877049.63637179,1850789.40839884,43993.0998775004,9888.5232291818,19167.5016581383,36332.7209502953,5575530,0.393926975487538
"MO",2016,91975398.0710172,0.383961185572941,0.25923442533364,4017677.14505975,2062257.60275433,44974.0255425247,10145.9345231247,20743.6437187212,37675.5725271802,5562880,0.426974294380878
"MO",2017,95588137.4894012,0.38032053459181,0.264641083409054,4237514.03155201,2181685.67737783,48605.4812250944,9748.95716366184,21197.1803429396,38361.8996964648,5623730,0.469927110333533
"MO",2018,101776707.156816,0.37955627682518,0.2708017481298,925485.521251949,1569299.81960489,53261.6168456791,9492.70808510032,23700.631348181,39230.3338297993,5619720,0.513356939993945
"MO",2019,104337186.832138,0.369005006998656,0.267940584544461,867300.481864428,1436030.05820375,53093.7638092884,9682.62418958349,25331.0279319494,39239.6132041309,5743960,0.592028586066238
"MO",2020,108801680.979564,0.35803775867283,0.273441316535454,775706.355257867,1484119.23071938,57975.4713403631,9316.00214016769,24176.7965960035,31690.3730637963,6018220,0.668284045808667
"MO",2021,123545927.621178,0.364050519812438,0.2811073632592,734127.586872052,1800845.03592974,70716.402949875,8557.89207225428,23671.6084870376,7873.28105887975,5775160,0.786998571893161
"MS",2013,31681078.8664443,0.330455340943757,0.221228929378384,952611.542330973,848331.343681261,8418.93357738067,5407.28858597049,8886.40099224508,19402.2748502802,2491320,0.145164914413132
"MS",2014,32725992.6412691,0.32838731728894,0.221211574959847,953340.933630898,884184.824557171,8800.38890564369,5133.05912700806,9156.95342702616,19217.465480427,2486850,0.155424650713342
"MS",2015,33304906.1712748,0.326586193737573,0.212536905742232,988429.18350238,921428.47294784,9555.54913334271,5111.92618449858,9466.53007290767,19563.8619855791,2489450,0.17074847181155
"MS",2016,33554785.5459123,0.326730500373899,0.219673570244172,1024316.28077755,978437.398043535,9834.11732694996,5197.39042738238,10268.6087150892,19880.9694215951,2460560,0.186265457508915
"MS",2017,34271979.3999247,0.324294571886484,0.225975781515598,1073913.36320037,1031436.56120995,9927.47671642033,4992.92413915915,10282.4199260171,20394.9354511016,2470840,0.205322427469145
"MS",2018,35581200.405704,0.324183656015573,0.232160165508703,317027.296135958,614539.592271916,10691.595867984,4753.85129873832,12598.6346387235,21124.9358775952,2455460,0.231042426969288
"MS",2019,36979721.7170405,0.311269887750122,0.229969741337238,301948.370783797,612989.746943875,10815.1511683748,5057.00244021474,13350.1872913616,20953.788942899,2561250,0.255049377719738
"MS",2020,37984107.221755,0.297747479842504,0.236348990054883,268799.14532971,578009.188234497,12002.9777872302,4699.59079719037,12178.7183747525,16964.2776088053,2656580,0.312739359469217
"MS",2021,41183350.9230684,0.303087884116812,0.239288397911774,266121.985136927,655909.727979794,14646.1943962516,4357.48742067848,12861.3456903776,3037.67713927148,2541870,0.424385201734483
"MT",2014,15156168.7554192,0.404731659231105,0.233413548232707,661720.117387018,308359.905163565,3531.38111401307,1520.46174327497,3191.77072387476,4748.90471641548,984010,0.207186482715858
"MT",2015,15549703.6606419,0.401705115346038,0.28062186559679,713035.08445336,314250.467843531,3756.31796389167,1509.09741223671,3230.05254764293,5024.37912738215,997000,0.223157626005981
"MT",2016,15642275.8024546,0.401931315471495,0.286841290606058,733158.215470496,336927.825492565,3820.46085940543,1549.96843387691,3506.23560251251,5272.60606756608,1001390,0.246684381882601
"MT",2017,16700260.6862099,0.399409656751928,0.292535810537331,801943.601824338,358794.284894913,4169.73293384799,1515.44582761582,3436.5659891211,5414.78773310167,1012970,0.260518849989763
"MT",2018,17829833.0065306,0.398052557484749,0.298695839199124,185298.265309714,257137.452956359,4777.93966056624,1456.53345455967,3602.45600656969,5567.70999530737,1022880,0.227105179186427
"MT",2019,18931222.6160263,0.388833838226551,0.296612968677746,192425.692515312,266107.693751593,6142.97465152931,1513.7358606306,3784.38760699489,5594.99327123619,1059630,0.238933149715159
"MT",2020,20604299.5383821,0.379080643114793,0.299751672134713,180856.213561964,251703.291948377,8070.23924667839,1406.57110877486,3525.92874621617,4754.24840036977,1103380,0.258091145778211
"MT",2021,25020995.5712523,0.382062624527026,0.304558831593763,180630.815937631,388909.106841903,10177.9246257335,1293.78093297019,3396.30292284351,1035.68378818067,1094140,0.29793750299086
"NC",2013,130036996.731568,0.38106066983483,0.225051989320601,6865668.09974642,3125373.48555011,59514.8880252869,16969.6825878231,28102.0066469166,60143.9374966125,8671690,0.258611926834127
"NC",2014,137726167.485677,0.378653719289355,0.225374379426619,6215572.08771323,3284186.81946832,66334.0049317364,16283.4719218592,30342.2149830739,59615.1865842162,8761620,0.397656756468769
"NC",2015,145901723.619809,0.375292081301524,0.228204256674822,6697958.17729714,3559981.67865504,77586.6590834901,15856.302347756,32079.7349399347,62111.2285867808,8914470,0.422741874056921
"NC",2016,150903678.013478,0.374996813956091,0.234082801679572,7032954.45462021,3733749.89574267,80058.9506213063,16260.0119418467,35307.365976154,64149.5478366485,9023730,0.443784559483891
"NC",2017,159325276.578197,0.371547839307285,0.238665728833774,7190336.66542848,3942812.07838696,88029.9192473454,15413.2351597775,36580.1641811911,65769.300464402,9155860,0.472210307244368
"NC",2018,170945584.453142,0.372099616048773,0.244697226108683,1982175.8929453,2745158.58150286,100526.587536999,15211.1682917943,42432.7387999853,67367.2000308282,9277220,0.527001957872156
"NC",2019,179071836.113706,0.359553407814008,0.242312014126172,1864538.62812789,2736142.01340694,104350.471131616,15910.4146675784,45490.7277355387,67741.4648607292,9593540,0.592375401851888
"NC",2020,189006222.021061,0.348524537213017,0.24751102436488,1693970.14103801,2676560.44692155,119862.402522753,15121.9710284221,43828.0337978765,51399.5246790182,10154780,0.680386899504199
"NC",2021,217692593.349221,0.354742542446918,0.252909741868848,1599804.17944565,3222737.39675366,156011.43830347,13713.8308451009,43741.0705533306,13246.4253601711,9798120,0.808564729391941
"ND",2014,15154207.1136088,0.391316080632539,0.216761897868665,241384.068273201,204762.614688183,4644.37756699139,1113.69409288394,2121.53022370942,6651.28213293035,741140,0.171398538493415
"ND",2015,14312577.071242,0.392243654822335,0.230754653130288,252888.159810491,195834.867072758,4483.26272758037,1147.01957360406,2165.6651641286,6929.4044534687,738750,0.198683702695566
"ND",2016,13432429.9453546,0.396498583884045,0.240809129782862,231249.403190426,196604.241669906,3900.78608318987,1176.61868995391,2439.75666407508,7092.71218137391,720280,0.240219164588912
"ND",2017,13644395.6576207,0.394272096098744,0.246611196826097,262051.964513996,225199.05652138,4080.73919991184,1161.51585574168,2422.34405995151,7182.86337337448,725920,0.22252763492345
"ND",2018,14966235.9833684,0.393770703613597,0.251563509408547,64612.4992783803,144066.199386967,4615.74491773535,1169.84441878685,2592.91219606064,7261.13022143417,727530,0.223737683548672
"ND",2019,15663651.4949859,0.384742572926469,0.25269525473854,67620.6409866918,194232.241053905,4949.27300712461,1220.65925527625,2750.23660438231,7298.649818524,743900,0.226530765054941
"ND",2020,15641003.9937354,0.379808850694723,0.261264155489519,59460.7074532166,161239.984378765,5350.62665649345,1162.459079592,2601.893221428,6442.20126897438,747060,0.248612724822234
"ND",2021,18593642.5370965,0.380918708694824,0.267222388425032,57522.6551578776,343144.405504637,6895.12898093503,1114.47548206369,2606.10565965895,2214.68372814055,735380,0.294611253221072
"NE",2013,28397208.3746321,0.413480439500506,0.236612101125705,1435287.60890932,594069.300770376,9861.21073412946,3661.10876728516,6331.71077957936,15952.6580406549,1760180,0.137954963130162
"NE",2014,30628791.5294425,0.409591668025711,0.236401195930335,1447372.74324742,641328.751795345,11234.3745114469,3584.24228859359,6797.12703224029,16273.591892971,1778210,0.134179365809505
"NE",2015,30967161.4824342,0.406778341774756,0.240377612346901,1501142.82103443,639963.938104266,11316.2076867908,3606.06989608989,7032.23310557245,16683.1773199086,1798670,0.13686727779992
"NE",2016,30970923.834558,0.406432650880064,0.246874408559055,1522206.58559055,669760.692200216,11010.7824666288,3684.528650791,7587.14041503846,17072.8609264888,1796460,0.141986081256518
"NE",2017,32380147.4337954,0.404368749862028,0.25174396785801,1658221.32197179,729080.718718956,11611.1745568335,3598.18315525729,7561.52921146162,17141.0505585112,1811960,0.150222203603434
"NE",2018,34246649.2036555,0.403028803869833,0.257459322779244,296868.91407212,448855.267925462,11984.2884454705,3523.04631706244,8065.19920294635,17451.9828276165,1819200,0.172445489673736
"NE",2019,35462197.75271,0.393409033614572,0.257164618611113,299373.675568691,506790.968445105,12972.2679564679,3630.22692920397,8414.97638880694,17562.2116747212,1864370,0.201379947037244
"NE",2020,37325448.0453397,0.385158470291104,0.262885103107188,265949.964915611,485955.630195564,15010.0826755669,3476.48581913665,7775.28023748135,14798.0253932098,1896570,0.252023428237751
"NE",2021,43366990.6059496,0.387196227783823,0.268445027630203,256151.181543238,804035.908441614,19098.5751936248,3277.51995455418,7612.10031150654,4274.1418421558,1874760,0.323914688530853
"NH",2013,25022953.8639414,0.395605523897531,0.266241567999264,1142050.09883904,327551.638658482,12677.0595806473,3016.56047171679,3120.78448585656,8972.43800283089,1363530,0.0614223859655164
"NH",2014,26567340.6282006,0.39288633908499,0.266086163886314,1143278.41632361,328578.225139412,14663.2730869172,2885.44035940556,3301.437979913,9183.49457680068,1370040,0.0732140011239819
"NH",2015,27745387.5699445,0.389129760418996,0.256606332556613,1203449.40655908,334865.732089138,17051.5819848936,2802.01217743855,3346.5748789831,9627.22268552919,1386170,0.0769189924396211
"NH",2016,28817342.8183985,0.387888461042958,0.264225081950787,1247314.64161382,431324.083604117,18078.5231108375,2815.70497001102,3612.2391388368,10119.2826407478,1397180,0.0911454473345805
"NH",2017,30509814.8640673,0.384990632401287,0.2716462229135,1317946.62522535,378821.439435823,19170.5749019053,2630.30372936477,3599.26085757715,10283.5840644774,1414450,0.121107901498588
"NH",2018,32310314.3955441,0.383867321073733,0.280369894466328,323614.063657237,313681.883316131,20712.3057527437,2575.42961262191,3716.01221044945,10253.5481712412,1424190,0.151701090666624
"NH",2019,33859282.5815323,0.377501243712343,0.283676966447405,314581.54072467,312079.197950638,22492.6825700625,2669.7626305898,3806.65438615886,10273.6580343817,1447280,0.229018217124426
"NH",2020,36084844.5066127,0.372586535621257,0.294120411396654,284103.502678643,290136.115906711,26914.405280754,2468.86614167942,3611.98076613228,7533.4448159188,1489560,0.280611395166797
"NH",2021,42997794.7627386,0.377193944712593,0.303772213690215,257334.357345601,472591.476847027,41724.8857091926,2184.83136792453,3464.15090225976,2647.21311430452,1458560,0.348026231742111
"NJ",2013,185293592.017043,0.362071515734201,0.236182155452746,16283474.3297607,2992683.83601463,185387.360093185,22484.7399500333,13221.427376077,74418.9099015919,8653760,0.191292893531793
"NJ",2014,194716298.997938,0.360915344981434,0.236489046741829,16675392.0697021,3163455.59312858,204844.9687355,22243.2620005181,14461.2094528079,74719.1276382372,8685250,0.181467741818443
"NJ",2015,202263021.424273,0.358028942019055,0.237259343793929,17567079.2517235,3295126.6668316,224223.967069988,22336.5522252612,14819.9584008354,76583.2927127357,8771330,0.181238630071977
"NJ",2016,204439289.786644,0.357488379942801,0.24137903509052,18034096.9653462,3629441.70780745,224247.049027747,22635.9781818887,16167.2732230093,77835.9813235234,8769320,0.199982826992187
"NJ",2017,216856967.69729,0.355200331689159,0.245749669324837,19531361.2787676,3970505.22556327,241606.788565061,22171.8370554475,16508.2988120481,79917.8521842587,8875780,0.279076067936181
"NJ",2018,224770249.403342,0.354441767968181,0.251477228166489,4084191.87133158,2641573.00478853,251367.459707579,21576.8766926223,18777.6398442664,81744.9344944261,8925500,0.305229632387218
"NJ",2019,230754545.933663,0.346343068386133,0.25103607800302,3780268.52621684,2862067.02493899,265690.152065565,21606.7336096947,19827.3668574682,82017.252037537,9026830,0.425060260948435
"NJ",2020,237114521.749444,0.334448135639361,0.256748364483994,3373015.78241895,2534368.6378874,287188.890638425,20995.4429185772,19428.9969820582,56966.9754194067,9403760,0.475779844301575
"NJ",2021,275602720.159204,0.337650531983471,0.262042012381262,3178633.16109517,3389703.56413739,351003.195081365,19922.9607114528,18845.8675165582,32094.2530018989,9152540,0.540142172032435
"NM",2013,24702810.010969,0.352939877558005,0.273889377922401,766910.727999912,407913.87616135,5313.51393619547,3705.36279927352,5448.14140449469,7372.53881654126,1811470,0.413347943426473
"NM",2014,25936154.6718307,0.34877242241611,0.273985769737286,768003.349600496,427270.700226486,5917.16726532895,3577.16812082193,5679.05342992361,7409.07863406288,1823510,0.442992255884167
"NM",2015,26205276.3883318,0.344165894599161,0.259371082892801,792179.772505314,427961.721423511,6258.47823859611,3435.26432503134,5952.11308518175,7492.19611967955,1834900,0.461431901484173
"NM",2016,26155479.4257202,0.34321527506237,0.266933587403691,809408.552740711,440654.021495013,6375.13739625613,3427.90688798691,6425.15911706879,7430.31488018857,1815770,0.474568533955294
"NM",2017,27535594.6255109,0.337794763376159,0.27635387867946,862929.527299832,492420.520019515,6367.83150647802,3163.51950994742,6465.45824253266,7319.1666558248,1844700,0.509574901018153
"NM",2018,29217936.269925,0.334389900011839,0.28068258871393,249628.468297618,312263.031368729,6952.25232749621,3069.08654518841,7445.77900356255,7384.11081034538,1858220,0.529500231374364
"NM",2019,31179029.7043624,0.323247324446845,0.274560305747831,249837.14176667,396983.696656402,7560.54234410132,3223.12816172232,7861.0962108663,7283.65858851265,1925770,0.575374736331224
"NM",2020,31317091.9624226,0.310103689414034,0.282764649143959,225980.589281408,342774.8421399,8733.61600755566,2898.79443975565,7237.1207851057,4453.29794128286,1990560,0.650585855501698
"NM",2021,34945229.9133251,0.309007917930347,0.286373628610393,217521.428677563,373627.221488327,10429.0545400883,2671.37803028761,7364.06930733375,1089.95274176148,1965160,0.740330725814437
"NV",2013,42074768.7004168,0.33084923335755,0.243723998965024,1012689.10442397,789116.395560739,16239.3986464268,3897.96469621076,6582.37681719114,17824.3688181088,2615300,0.455871945014665
"NV",2014,43324627.6577375,0.329525120961183,0.24351941570376,1019963.4819154,835440.886601019,17065.4484018749,3815.77987145392,7262.34871624152,18092.9132370688,2643410,0.473782262231771
"NV",2015,45959396.9202579,0.325846024001836,0.226792179043924,1082503.97053075,855709.021699377,19352.2023831558,3815.29348204304,7738.11263168805,18936.0457345287,2701460,0.493533524566679
"NV",2016,49388164.2408104,0.324842197725615,0.230240687034261,1195136.97554292,946174.673832953,22689.5281902556,3929.16609619496,8624.23144575558,19113.5214498572,2755030,0.513578069894197
"NV",2017,52357908.1866168,0.321943822404034,0.233336272106924,1401844.08254545,1082079.8498898,24613.0841394389,3685.5002309876,8864.57448204115,19739.9974961649,2835650,0.54227975151855
"NV",2018,58889138.4927996,0.32025814640944,0.236643406815148,475075.396681073,835917.525185142,27685.692859582,3637.55331771945,10301.6790209477,19267.7333303439,2899130,0.567314672163534
"NV",2019,60063318.5204834,0.30686178397294,0.232232011270751,477492.900725198,799504.893044726,28755.7005914547,3824.78889090874,11081.9092691541,19379.0161270427,3080540,0.603100260868254
"NV",2020,64610090.3670436,0.299050568563965,0.239150360533684,428497.263297515,975789.114657532,34794.269003488,3503.31184834123,10209.6046642579,14153.9644315142,3196650,0.668168665114062
"NV",2021,80622980.8977942,0.301469693183929,0.242922216456207,428314.784934043,1266228.12051292,50349.9892816186,3124.59996027856,10486.512336069,5031.260306752,3121740,0.772734155651598
"NY",2013,380893589.886636,0.314436849044515,0.242866411474859,35528498.6601609,9324510.30428737,417965.210650386,42684.1453967817,38444.5449207601,144099.292445078,18885700,0.51201416470183
"NY",2014,410489354.850025,0.312325011589332,0.242739997540788,36338879.4136328,9783850.16521846,464462.117374338,42297.0788967061,40251.3490601748,144282.962643764,19047690,0.557453688807389
"NY",2015,425882943.989044,0.310142585086655,0.226725785029242,39103271.2331311,10106168.6869311,501554.821272002,42551.7977047431,41239.0330346213,145637.717413915,19229220,0.583930024448627
"NY",2016,420082985.528619,0.309676507730924,0.23132653625197,38727781.4242268,10303098.2544995,500854.896838804,43167.5955715732,43993.3783423589,143505.049714216,19178820,0.594185255569658
"NY",2017,455769006.49899,0.307379336167123,0.236072846473046,43263921.6111011,11382024.2111551,541377.856408672,42410.6488533674,43948.9564725201,144790.321113347,19389820,0.637443925101805
"NY",2018,475176456.164692,0.305575470986396,0.240809805611139,7272479.92716666,9506659.5590544,563732.394199281,41609.7175523744,47811.7186645023,148389.130704017,19485170,0.678706322269535
"NY",2019,468289156.135576,0.298676245047829,0.241881615060953,5962730.07161554,8080894.64235155,564042.616558258,41926.5491139622,48862.0638114225,146259.300712436,19521740,0.713245185658601
"NY",2020,477515918.218658,0.286013711728888,0.250102978223735,5193992.43562274,7529264.40413084,590099.406935983,40939.2298759389,47560.0499831938,101499.021045452,20319830,0.774546308474481
"NY",2021,579704011.795291,0.28804915765044,0.253944509124074,5123117.41532253,12899166.3868623,754905.541598286,38656.995065383,45137.0378296857,50461.6622719618,19626650,0.856294834288462
"OH",2013,166278307.897226,0.344244945064174,0.249731454365474,8400682.87692695,2728719.08799846,66756.0677660755,18061.7136753951,31320.4367847439,47824.2075397582,11073830,0.594472277707958
"OH",2014,175203217.302157,0.340919432728712,0.249902300356404,7984278.71476003,2921266.10340561,74127.3456559861,17317.535110028,33365.8953138068,47911.1079029488,11119900,0.624908815982758
"OH",2015,180763172.381072,0.339075901866096,0.2476746442114,8243412.47250479,2985008.16236496,81736.1018685999,17276.8478386239,34870.2684376595,49798.9280188049,11184310,0.694691434728241
"OH",2016,182341277.532739,0.338824912184684,0.253682411365971,8118596.97523227,3118121.06691011,84058.939475396,17470.0849110183,38037.5426219433,51514.9843390411,11145550,0.596887531998521
"OH",2017,190541675.196222,0.33589000443014,0.259176527731074,8616880.34629283,3294191.23067952,87121.5081592858,16770.0490873734,38240.0725084021,52521.3511223911,11241180,0.638530324158059
"OH",2018,202107247.881356,0.335651652858396,0.264872525024249,1615006.31556735,2122633.67878013,95154.9789101972,16018.9086858302,42312.4461690829,53704.7949651896,11248090,0.710592373967743
"OH",2019,207036109.430266,0.324896855660436,0.263205601050197,1517525.66238114,2074280.04087225,103453.470049072,16395.0177411737,44707.1332584929,53930.6348178131,11517840,0.768155880032763
"OH",2020,213786819.315358,0.316123196085181,0.269485501704934,1312302.94153459,2127790.95704177,112975.914278544,15522.3971071234,42562.654334228,38077.9034317408,11795180,0.861253716690481
"OH",2021,241222451.143746,0.317831646308612,0.274167646890683,1269010.37268233,2466358.95205362,138402.144165689,14564.8326051669,41938.5796094926,11648.0776476009,11544980,0.96191694540299
"OK",2013,51287609.8254155,0.411869135953885,0.244511001131571,1637190.015987,1319543.49457288,18431.942129147,6577.97657141105,10748.635043233,17706.6694333722,3261400,0.19425926774504
"OK",2014,54282047.6914462,0.408516580683717,0.244564875754389,1657266.67792677,1437068.78231069,19628.050775676,6404.56898149842,11226.8014464649,17900.6801464759,3279720,0.197175550692085
"OK",2015,53962302.5602955,0.406624524992692,0.237981706128812,1736347.09038841,1305567.92552738,19929.1950940271,6308.55880955861,11817.0492363344,18120.095098899,3284160,0.203190277922901
"OK",2016,51644487.2920126,0.408374679848059,0.244923967780651,1624896.82271006,1312541.29488004,17398.1326511674,6295.7295999802,12960.0431385407,18161.2080368964,3232840,0.209321362371758
"OK",2017,54410137.4991258,0.405287019257314,0.249342036649632,1721140.7191064,1466673.08076845,18972.7965313522,5959.7376459329,12905.5422047447,18016.6831868125,3260060,0.221410043577506
"OK",2018,57313706.6614131,0.402324609947891,0.253581893410658,491682.933008912,1029018.06468294,21005.3104561712,5898.63394406179,14867.0688357741,18037.7489030975,3279690,0.241274444784254
"OK",2019,58626213.0897888,0.388118341250723,0.248712629580618,476348.690969482,987531.301477945,21910.6547617301,6176.10913966979,15743.2891837411,17848.6824809058,3408110,0.280258529569753
"OK",2020,58552266.5513665,0.374242296564703,0.251546304879076,420353.287885172,956190.122291509,22280.0122608915,5834.12131400803,15039.2044802112,13317.8232633915,3560100,0.337685301897847
"OK",2021,65845947.3051774,0.377727673700583,0.25813949439376,413993.837006987,1171589.51017074,26716.2581017712,5318.86621050677,15375.7912749263,3472.17155906864,3446160,0.445282440378745
"OR",2013,57005722.8414679,0.403108877609894,0.266578617558472,3951971.07333484,1209965.94962637,20333.2159825408,4925.77736712572,9733.19865989927,18602.9639638886,3587790,0.723218268432194
"OR",2014,61057791.4457189,0.397272460998984,0.266791936792482,4191825.184191,1345403.72622779,23331.5681788941,4829.88248369198,10568.028137669,19296.0193944338,3653110,0.758149985367635
"OR",2015,65839140.2068413,0.392332909221368,0.263522903379826,4634322.47443192,1417342.13768702,29093.0043451471,4881.26997794084,10760.4130050333,20550.6548022011,3749010,0.779561021831056
"OR",2016,68937639.9500702,0.390417938192647,0.266853259538749,4884485.79440643,1484816.83756415,30620.1958408923,5113.00125594732,11683.5601709352,21487.626122651,3797930,0.791868719377132
"OR",2017,73847972.0191322,0.385880162177219,0.269323023594103,5373284.88711558,1605189.04677812,33021.499798826,4878.17972578432,11734.5362113256,21894.0984282634,3877240,0.804818307781701
"OR",2018,78716251.8458672,0.382046794633727,0.272719410259411,1349849.8190053,1200033.16518536,36388.4237615804,4873.74836819105,13007.8237315642,22620.5091803562,3931220,0.82241146920938
"OR",2019,81379001.5470863,0.369838710072117,0.267764283249682,1355291.00567977,992125.957559532,40522.4494485407,5062.49669515934,13794.5912275507,22574.8738189569,4086430,0.836673932691796
"OR",2020,84502190.110058,0.359259099327326,0.272562397443648,1223003.279126,1333529.92758442,47465.5896114614,5078.00430856627,13144.5408546123,15819.762791356,4168440,0.890909556456001
"OR",2021,98702246.1347259,0.360837802148448,0.27722356605344,1169642.45500877,1775518.11275083,60331.8931218894,5046.67979526033,12421.1367689307,2599.01593395998,4096910,0.964573412741634
"PA",2013,204623713.46048,0.375272811777343,0.272551042524841,10260287.7184322,3429138.14690884,111197.973030839,22450.2820146551,32506.5793766484,70047.1434473983,12307020,0.642013788145103
"PA",2014,215745469.505525,0.373084706914061,0.272700127193509,10365775.7464134,3631752.16821673,125054.637498693,21622.0891103152,34201.5021895432,70906.0009126136,12338190,0.652996204714438
"PA",2015,224626336.850697,0.369938570163711,0.266326321612368,10884991.9769747,3723570.11453866,136963.566172949,21378.1480581624,34988.9686802987,74029.2127772124,12401140,0.662545154894574
"PA",2016,224764194.46175,0.368338644105043,0.271562756516737,11177131.1667706,3948097.98656418,136859.654034463,21689.547205543,37954.0820716211,76266.9927157326,12377360,0.666785250572528
"PA",2017,236932569.845936,0.36498248691429,0.276810974920492,11715699.1724203,4168568.52351981,147749.016653666,20752.9694681457,37823.360864166,78017.9780030192,12473530,0.693844583213905
"PA",2018,250345120.142162,0.362765324419631,0.282112291883818,2531904.22198554,2734711.4528065,157111.150207867,20296.9135410801,40895.5970415454,79545.6777185395,12520050,0.711079313398973
"PA",2019,256161379.849029,0.353407283780711,0.281026650645906,2419562.94859271,2640911.86000011,170458.094227411,20965.8280656033,42532.5168851423,79937.852620016,12708510,0.743013624190225
"PA",2020,267525421.051693,0.344131211943244,0.287434712114697,2112005.30414245,3318461.96343038,178386.766213047,20034.7231694381,40145.1755676103,57865.0551217243,13093930,0.80278901408469
"PA",2021,304821872.632296,0.345380145138741,0.291563255118725,1980377.65701518,3362464.42545675,222559.361455037,18934.4927582677,38615.5403443439,24872.3718885892,12824970,0.877945595471667
"RI",2013,17051693.4909481,0.332454692041055,0.24616188030174,1120094.00176694,245692.019455629,7588.43648195889,2409.22953779606,2508.37838542421,5625.79866562388,1035690,0.540097310575046
"RI",2014,18084679.0146583,0.32793308934833,0.246381654221966,1135821.18707007,259649.790243155,8395.25248615609,2344.58512330185,2706.08268983886,5652.16552338615,1043780,0.54868210800664
"RI",2015,18539424.2178821,0.323918029989953,0.239436219218593,1176857.55471934,252849.038217285,9187.26178650642,2327.93209607401,2793.07362893594,5968.79470531364,1055020,0.54186612853057
"RI",2016,18949669.2059126,0.320793388429752,0.245005903187721,1195919.01005903,263890.400897285,9439.83593860685,2350.37173081464,2980.40847225502,6064.51375678867,1058750,0.564029840613709
"RI",2017,20060376.4553332,0.317289057841383,0.25,1274572.91656418,278510.300247838,10301.294918381,2280.33052884615,3016.54939997018,6153.64473389982,1073280,0.751156191311398
"RI",2018,20994549.3392684,0.313718974699785,0.255789697154303,276125.874560408,188666.155299569,10671.3705590784,2170.24166735894,3395.13580520404,6217.75831418049,1083390,0.792216615710936
"RI",2019,21891577.2717477,0.305288744977461,0.256265135642568,268656.22676027,202189.908809738,11732.3217690222,2185.46668117874,3552.80936573154,6212.06477828268,1102530,0.836444784918481
"RI",2020,22993057.9303198,0.293276742006041,0.262967399229247,238790.170503073,204198.600918307,13507.1949883693,2112.43673402076,3227.38782418498,4328.95473561782,1152120,0.912563934537842
"RI",2021,25974449.6681638,0.294469397212419,0.268233344027377,224086.773776423,225644.248164189,17026.7900937511,1951.55581399494,3147.24451039105,2307.30584073005,1122120,1.0373270942911
"SC",2013,59477844.0664156,0.364518020659479,0.249660968967361,2599588.57852953,1502977.41784759,19541.2291749266,7837.51683598007,13772.8253891755,30988.0578688591,4212110,0.253656023090823
"SC",2014,62378772.9174883,0.360680316621201,0.249882624971836,2554217.41272557,1557757.05881688,20736.6623507453,7506.81394385458,14689.3006701015,31439.9510945933,4248610,0.283958106210682
"SC",2015,66566287.5609006,0.36054569127424,0.241754139349457,2806663.43962945,1688845.46071046,25755.1208401986,7457.41319522059,15457.0145202733,33021.4883130351,4339450,0.301390860376305
"SC",2016,69547784.3569385,0.361097183306297,0.248538336755414,3009645.43697208,1831766.16374032,27940.4545233855,7658.83208285594,16865.0620693567,34260.2757251597,4407650,0.320523527274502
"SC",2017,73829592.9333185,0.358999364002544,0.254227151512447,3180744.61835243,1953915.23912389,29776.9863003916,7413.29566071209,17201.3709873582,35726.3518159401,4481150,0.350015493227917
"SC",2018,79010916.605552,0.359401703769117,0.260565081959291,875948.625537645,1346992.10849336,32228.1386717806,7222.7885380009,20199.0672852605,37085.5474687298,4552260,0.381362593473827
"SC",2019,83463305.2528666,0.347946734101165,0.259182257712078,848949.603110925,1305176.83067265,35963.7128652378,7487.37822012809,21676.8995780394,37370.4691888131,4713710,0.428825454878909
"SC",2020,88289746.3347656,0.33779036534828,0.264954907035455,786103.559251997,1416498.03689009,41538.1696543402,7127.45971007129,21302.5456169321,28964.624855115,5038480,0.498883978484569
"SC",2021,101173988.610094,0.343625392208132,0.270345796836188,745012.885885818,1676544.39062091,52317.7086690254,6506.16506242646,21928.5684913878,5611.16686004706,4895360,0.592567001057523
"SD",2013,12911483.5962657,0.40501865942907,0.266767135418805,221183.175798478,265480.668165075,4003.63849173654,1443.80323995541,2890.69450637329,7861.49251199535,825320,0.170927812117649
"SD",2014,13877520.4682606,0.407641297073675,0.266771236418856,220738.104812314,283096.12812557,4483.9295126848,1402.16932530267,2986.62131775872,8121.79561963862,821850,0.196464598701217
"SD",2015,14229044.4264649,0.404990611006789,0.262566806297848,234839.847079782,290427.033655929,4694.44466512591,1389.28236795224,3023.19242621214,8347.6898502576,830760,0.230514618961305
"SD",2016,14256509.69282,0.405537655092815,0.269825430412619,259297.976639896,306704.217430509,4752.83255987304,1422.21898143695,3317.48598153313,8492.6911609118,831760,0.269727641216489
"SD",2017,14749062.4770909,0.404554396423249,0.276017883755589,280993.386002981,357110.35928465,5176.6175976155,1371.94416691505,3307.46105514158,8517.3251147541,838750,0.265690760778072
"SD",2018,15911074.6958473,0.404504119476696,0.282783674050858,75408.7007859059,267995.698886435,5502.16608495382,1390.12618420115,3520.86936391481,8713.10379419237,842340,0.262596942167073
"SD",2019,16228165.2677575,0.395047723809196,0.282172034879058,72658.9358908253,262337.032415524,5979.92644918818,1447.90095447618,3729.53245562774,8591.63161573453,872730,0.270819762308015
"SD",2020,18024783.6226592,0.390178692297279,0.290059112855918,67780.5669757682,492240.265985289,7614.67659401652,1399.2096927034,3505.01363882496,7687.75520057759,886440,0.299294911539515
"SD",2021,20935873.4682568,0.392030296179064,0.29470947320823,66233.8271874293,457084.377130907,9372.73027356998,1324.30124349989,3428.07364910694,2861.4576079584,884600,0.352386884044697
"TN",2013,84453528.8018837,0.382152890728966,0.230543315456908,1703593.2692059,1982569.09530482,51071.4118338841,10362.9036257475,18614.8958044627,35494.9634313243,5816180,0.428936546604734
"TN",2014,89711825.9516949,0.379155262407521,0.230599255358291,1661402.03519029,2112052.34335201,56080.7272454083,9999.07359738284,19877.6902162128,36012.9329916182,5856730,0.475499348077594
"TN",2015,93867157.1255364,0.376243824017103,0.225650003787656,1748050.92562896,2218632.56322944,65376.4632572155,9842.05853358809,20766.8187076519,37932.6362554395,5940350,0.521245322040575
"TN",2016,97311928.2796633,0.37625768317166,0.230674848676831,1864012.4269779,2344181.38110705,68167.210232639,10040.3270937426,22685.2382305595,39669.6982028441,5982230,0.55033204402431
"TN",2017,102317521.648626,0.373724048656607,0.235456872103479,1958803.85807666,2465857.15173075,72684.602188098,9504.03591603343,23265.95284209,40658.4920091437,6071940,0.579080288766402
"TN",2018,109950175.58613,0.373324213630138,0.240701257177266,642689.512845855,1825352.23184227,78551.0717440287,9296.15404716828,26717.2283372959,41624.290620178,6111310,0.620013424279362
"TN",2019,114383725.824377,0.362944267252881,0.238932233757322,628893.722732442,1795866.41721571,79822.1999409126,9736.50423141924,28546.5740180693,41706.5684508304,6295760,0.66942421300415
"TN",2020,122332914.989322,0.352401909047074,0.244254422172892,594380.356050416,1938247.33721821,88429.678035658,9147.0488607372,26859.7658342079,29694.2474356697,6698630,0.738472331336233
"TN",2021,143679553.971474,0.359712318870718,0.24841533539436,583212.307381033,2312671.20270152,119259.100822408,8340.59163481934,27397.0336618961,6936.68579200882,6491910,0.833801920599235
"TX",2013,407489967.154867,0.368563268495516,0.196876948123739,10604660.0834119,8748859.61940996,255743.052733244,53872.0336410575,62350.2014198965,178764.305146946,23777790,0.372717771080185
"TX",2014,444165099.717492,0.3683681884855,0.196615767987955,11063242.5577093,9143384.35930132,292198.132676257,52759.4007518339,65906.7501903351,181591.632977291,23984020,0.411597505888517
"TX",2015,449249020.875313,0.368131578752466,0.189712067584994,11793051.6802781,9365188.61674845,316448.425504102,52770.8792414463,70348.8059552445,190516.451174352,24303620,0.461069015279112
"TX",2016,432083776.091919,0.367578780912246,0.1941384186911,12421577.6149374,8986519.8575962,286886.873391791,54081.9103678458,77294.4490508903,192953.379697937,24232710,0.495696623179758
"TX",2017,488394745.498863,0.368295494796128,0.200266113674146,14997049.6927413,11794440.3783115,354021.655870774,51369.0911291582,77657.629534944,197407.930388353,25041930,0.539657116396788
"TX",2018,510984201.228523,0.365494001791077,0.203868694444181,4855432.04249338,8282574.90143737,358685.363530858,51275.2028552804,93500.8097858935,201906.272835835,25280880,0.619779758284657
"TX",2019,538400613.292828,0.352643619715938,0.202178102209488,4840087.41129219,8889862.88967634,399174.864553511,55533.4817829645,101031.451068071,203723.894403328,26668170,0.667857614076092
"TX",2020,550145287.079764,0.342950157935521,0.207421500915051,4299942.41128215,8567915.23612258,419643.274594954,50705.287876332,95083.7928769285,152794.457611963,27577710,0.745046667024955
"TX",2021,646292514.007987,0.34579950540555,0.210532519288591,4206534.93076753,11498628.3363717,525531.084285655,45845.043256258,99433.4803285287,40243.9506728768,26979680,0.868395621506765
"UT",2013,38642464.5884568,0.466822961068485,0.236016249644783,1794368.76511124,1780557.35583722,13593.5070081741,3608.20859034151,7739.81013155475,10280.2498997041,2392920,0.493436336664148
"UT",2014,41500180.8928025,0.462710879370043,0.236242863268513,1837309.209054,1915100.27601153,15088.8327412476,3552.15925331718,8503.18324915894,10585.0623327085,2443340,0.497420187761749
"UT",2015,44264294.9260858,0.45728597485944,0.189507753057502,2019802.39358785,2023356.18735533,17624.902428988,3601.46440794654,8914.18922287419,11134.1796042558,2527390,0.507590252746917
"UT",2016,46732788.9657776,0.456305406296677,0.1934317472018,2161785.45245291,2219611.12703148,19470.6322050009,3756.77196562627,9684.36672421485,11958.9925588252,2577550,0.523812153053553
"UT",2017,50000177.4828591,0.451986754966887,0.196401363725505,2405529.92038272,2345958.78601653,21463.7068970719,3628.81073028708,9884.8836420824,12253.9919141939,2651560,0.546088677158939
"UT",2018,54860099.7062965,0.447571936180589,0.198176064420789,873515.42040725,1808440.28414379,24474.2531691522,3564.73349418973,11392.5364182071,12387.0095193743,2727070,0.56809676502821
"UT",2019,59450116.8488424,0.434982264236663,0.196089395236681,922750.23100526,2063785.47932691,29502.696398679,3719.79323419944,12017.9299830506,12472.8582292195,2861450,0.597951538338913
"UT",2020,65071808.8283427,0.423615545340577,0.197907229419139,897004.661358964,2420351.62797493,37547.507383201,3525.51252486419,11491.1351809444,9597.08272461346,2991250,0.667521267917492
"UT",2021,77781287.3884047,0.424979994216816,0.20151371488901,904631.603250015,2673597.14265973,50175.2175788631,3325.25894208074,11416.1135252544,3589.66392974103,2974140,0.764066361622155
"VA",2014,155561206.778206,0.386417025145382,0.230361518679929,8485863.68222751,3321839.533601,91453.4868100065,14726.1419524057,20885.4649629296,61976.6629865291,7743370,0.197729487705274
"VA",2015,161133271.97486,0.383821845250877,0.228984529177787,9025088.57723908,3460416.13769083,104600.150863523,14459.3068486252,21859.0422622882,64468.242994417,7823760,0.218329137680571
"VA",2016,162797070.875938,0.382898986566832,0.235315703738937,9310052.72083023,3673417.16021092,106470.650058689,14850.8974573389,23520.4079931568,65525.8986912059,7820940,0.225386279193674
"VA",2017,172523607.98377,0.380341303132168,0.240886443936435,9890378.78728577,3984382.95219383,118971.235274218,14346.7449188903,24099.5968727555,66797.8535128169,7921990,0.241860635039652
"VA",2018,181967849.224745,0.379479732875827,0.246676949683916,3294317.62616923,3047403.88015056,143833.955734497,14279.8838830648,27482.3088344003,68643.8638889133,7967830,0.249456011750146
"VA",2019,187814652.062491,0.368510303157092,0.245423724642051,3122331.8071756,3002703.44510377,137051.424128277,14652.3738781588,28801.2346006411,67721.4020157147,8126150,0.282924209111021
"VA",2020,196110007.693599,0.357570611421956,0.250745772971751,2833689.23648275,3110181.9259244,155454.793189176,13769.108195671,27952.997601043,50389.2596926933,8491190,0.335533330913854
"VA",2021,222973216.344235,0.361555083979728,0.257251085008621,2634283.87871927,3751300.48711761,190691.896747947,12648.0839918611,27510.7041217588,15534.413127118,8241870,0.415907348676365
"VT",2014,10395558.9192554,0.378263697463375,0.193885648860568,568449.415786539,148707.340307244,3181.69226004274,1316.21271719268,2111.74608975749,4073.08150339146,645740,0.0780924597185569
"VT",2015,10645617.4388206,0.374022509123248,0.283618019565151,599295.74536171,154181.892821,3041.05139685363,1285.82592229139,2170.98330215585,4172.23570180012,652180,0.0800723892567762
"VT",2016,10818587.5943964,0.373258454551034,0.292103971030504,618537.904698337,161096.323912109,3329.04435954091,1302.55152519487,2296.9581722212,4284.34517891119,651720,0.0836216839677047
"VT",2017,11375943.0477068,0.369758267200804,0.300955050189639,642847.702411235,174025.477677415,3505.73771915127,1220.92339796804,2215.6529222708,4220.38917914426,656510,0.100785060915351
"VT",2018,11909710.3452495,0.366966473390251,0.308542208829841,108178.74400767,113628.889543289,3687.46235675478,1174.35506551614,2202.23499064055,4218.49067859806,657090,0.11559925384735
"VT",2019,12547706.7450433,0.359909536373916,0.310109310214851,107919.980655861,134202.266988315,4621.96753863551,1226.10575197889,2223.01213720317,4122.73037316246,663250,0.137516998392879
"VT",2020,13013252.6889156,0.353600533627215,0.317812708448131,97532.6013746701,134870.523621705,5259.85750123256,1164.81547808938,2117.20216931063,3216.43306458629,689620,0.168796156104193
"VT",2021,14911047.6891281,0.357068514333294,0.326350065421672,91526.0177233258,183574.874330915,7205.99669917926,1032.00526347092,2020.96044962531,1280.65988164625,672560,0.246760033444816
"WA",2013,124155860.538859,0.405814573176379,0.289117926681288,3826993.98905744,2378429.33373063,60463.3735517088,9995.27128196641,15327.085926504,36326.7125327009,6586210,0.401209554256857
"WA",2014,135846051.450046,0.403149497944061,0.289291799242121,3943270.53735616,3090002.15040139,72685.687687252,9805.72038782382,16427.0412055326,37441.6380455642,6685510,0.419490648932731
"WA",2015,145325155.752258,0.399529803851879,0.239488319383793,4223837.24382467,3080927.08212992,82595.0107760567,9732.80973952765,17036.942773866,39979.6777524974,6865220,0.427545913250408
"WA",2016,153891521.094224,0.397918078808627,0.242582224279431,4620329.18569768,3793890.30998672,91812.5783779988,10216.0229429779,18275.8095059306,42000.380288815,6978170,0.42904779976674
"WA",2017,165960364.80649,0.395040970283934,0.24602487361424,5186594.07402815,3335391.77394884,108599.156899093,9587.13581424936,18101.2081595879,42785.7949650267,7136880,0.443420083254614
"WA",2018,181148551.791937,0.393309891226046,0.249744004460257,2086832.23253917,2596894.75710232,138011.954127807,9722.53772725642,19685.5440643536,43471.1612965105,7246220,0.475052528928611
"WA",2019,192232846.172912,0.382376930845494,0.247168181981481,2034335.57295,2858549.99731621,155462.159847196,10186.4643263447,20417.0584259975,43717.8100177101,7515490,0.515820400531965
"WA",2020,203732745.867504,0.372574324982942,0.252075250999123,1898145.2138506,3598544.6752393,188016.343700816,9227.94683952302,18872.5097884784,31651.7595373168,7694250,0.573763207156614
"WA",2021,240936334.975583,0.377010944003404,0.258403478677145,1793657.64211247,4157640.6302855,252911.292446909,8458.62321644659,17985.3641467534,7888.94897275302,7520100,0.655010286401147
"WI",2013,89176775.2701425,0.398658149819091,0.262280141072306,5796782.50725868,1487226.59915308,34757.7124616965,9328.99740742395,19034.7260660205,28194.6898342788,5596750,0.506486991157685
"WI",2014,93665193.6215023,0.396439706397608,0.26231817382901,5457983.97038187,1658572.10202985,36224.7916059738,9162.67150964772,20114.0395548655,28971.9678581147,5622570,0.546149112368776
"WI",2015,97481718.4901141,0.392622476154267,0.255770236089916,5613730.45287795,1607714.39610759,40535.033777421,9094.95628120979,20649.0956627961,30383.6997523458,5681310,0.607426470925951
"WI",2016,99507429.3323402,0.392525665762041,0.262709762751095,5798791.95533445,1702294.0086429,42405.2042373791,9320.22510416685,22371.6820593817,31620.0049968429,5685590,0.634306401423884
"WI",2017,103501467.996677,0.390014057828955,0.269087078308735,6054428.52545758,1816818.67985998,43287.9550568069,8845.24980552755,21992.1332685673,32364.5449815644,5733460,0.663057757033704
"WI",2018,110165212.600691,0.388787637428568,0.275851874523935,1036157.70511073,1117969.12622386,48516.6173877355,8708.41463342527,23368.6463899024,32959.7177258072,5750260,0.702524835547395
"WI",2019,113650544.175111,0.38188390498602,0.276864929995932,1000682.19012236,1105043.07347638,51390.3852892763,8853.15670029128,24270.5461707595,32672.7376576744,5826090,0.771655197852167
"WI",2020,116719084.331864,0.373322329481985,0.284577935610797,894009.591845479,1140650.91517865,54252.924668634,8296.6114406709,23529.1317861251,25994.4693359342,5997900,0.860119956058463
"WI",2021,133477193.401085,0.376467824870345,0.290375289990622,840191.703087049,1443280.74951619,68721.3203879364,7800.97224259981,21996.1046808699,8205.67546921887,5875190,0.968849859503853
"WV",2013,21329005.5509357,0.429699650697331,0.240425898432862,627069.209320262,257196.247724433,4682.22732082303,2718.03815557992,5001.18013309197,4761.4742612376,1568840,0.301652266670104
"WV",2014,22181493.6711368,0.424837477808856,0.240779442424394,645072.771223674,268389.072224989,5244.93036770247,2561.59080807694,5134.83842292808,4688.94499789264,1565940,0.337700785555165
"WV",2015,22314583.0363909,0.420883138168804,0.272393769247021,673509.343133175,274399.770463465,5490.9898138841,2561.24522225708,5257.77342134411,4871.03772896353,1561930,0.346069371079965
"WV",2016,21643989.0268083,0.419614210814618,0.280362313170045,658426.272843467,270528.362541409,5345.6497965412,2573.31420690195,5671.76937423377,4910.33437019068,1533480,0.358377576087341
"WV",2017,22556493.9888748,0.414767910476961,0.285961159730283,690211.228822402,287248.587768836,5970.67877218838,2437.93022967668,5546.67076415427,4936.04615705659,1533460,0.406983321056508
"WV",2018,23722313.4930594,0.410020129140198,0.290754973466133,135326.22438763,161832.808760097,6074.24049747732,2346.40519697801,5949.19810864507,4904.16061485374,1530120,0.453593536457915
"WV",2019,24228265.8445137,0.397629075826047,0.287801006234558,129802.20143254,154892.768021968,6646.37975112977,2415.51878688567,6275.89398691639,4914.62956870175,1562260,0.513402268155769
"WV",2020,24533910.5930093,0.382688540646425,0.291815621939275,113463.152381244,165289.397300441,6919.21899485798,2272.74940009794,5978.11437928501,3031.79779015671,1633600,0.60906070761335
"WV",2021,26627757.434899,0.386419001218027,0.294616575314657,108046.350823437,177877.13879796,8293.25825974421,2047.67023827649,6107.86601070849,591.958707622818,1576320,0.747819587324692
"WY",2013,11306001.7328473,0.407685263454494,0.285063002386184,216895.616828684,319350.512908566,3027.89310369118,1143.71763172725,1216.99616089039,3338.93598548887,567840,0.0379465590832018
"WY",2014,11942518.213903,0.414499535614775,0.283964790346956,189121.154425948,368419.073605058,3213.82974923198,1087.29602772023,1268.8446631421,3408.25659069801,559880,0.0364083696363677
"WY",2015,11532741.9425721,0.415491188399555,0.251660026560425,205557.168856107,294405.528175586,3475.58402426331,1085.49477764617,1336.18405656653,3525.86208319874,557220,0.0369289617486339
"WY",2016,10403383.5960393,0.420664823029381,0.265650810148666,201844.217672934,283827.629076263,3017.31940087975,1090.63850479779,1513.53289778949,3496.55628352419,538790,0.0363440769490381
"WY",2017,11622121.562454,0.417765581258288,0.273592898187712,228688.890802269,345194.519356859,3765.605993075,1015.90205540003,1457.3174266981,3479.95703182555,542960,0.0409922284290397
"WY",2018,12151771.2921346,0.416608743369307,0.279604902140113,53365.4701664533,242178.977995244,3444.61821840132,995.559813426011,1562.49282970551,3563.35939271996,546700,0.0422218512808931
"WY",2019,12997674.881503,0.406855758266819,0.279593072976055,51757.1681335519,370353.871347634,4431.40206314139,1027.12330744014,1636.00051667617,3567.44002993158,561280,0.0470655433385692
"WY",2020,13940642.6466281,0.399452542018272,0.286735476672013,46800.4203570681,357438.263721319,4850.42089755213,951.781958295558,1679.08712253295,2948.43043447939,573560,0.0516189842537148
"WY",2021,17455214.2016698,0.402453291736094,0.294554543198497,46129.6606161591,654500.377299961,6750.22483780622,868.367781047258,1692.65866628851,584.197149643705,564140,0.0623320211755124
